Model,Q2,MSE
SVM,0.18597778280840005,2.693565599094621
RF,-0.9424507143939558,6.427488478483165
HGBR,-4.665759393157603,18.74776175865046
